Method,alien,amidar,assault,asterix,bankheist,battlezone,boxing,breakout,choppercommand,crazyclimber,demonattack,freeway,frostbite,gopher,hero,jamesbond,kangaroo,krull,kungfumaster,mspacman,pong,privateeye,qbert,roadrunner,seaquest,upndown,MedianHNS26
DER \cite{hasselt_when_2019},7.422517554475033,10.668541718940556,40.18590866226593,3.144707173260343,4.980376234943835,22.29445122388917,1.244813278008299,0.6254343293954132,0.7724121153144379,21.57699539700345,19.568097727785016,94.25481581615408,18.775032205176245,4.264699057960925,19.564233275602923,99.5617238860482,24.38149513912169,117.42470373319593,62.67339330361512,13.49728338575922,3.993203058623619,0.1047646490772486,7.441208867273789,122.4037786430076,0.6804600548274081,21.00396064445599,16.13615779546773
CURL \cite{srinivas_curl_2020},4.789165138877819,7.955162131724366,72.78728276976963,6.324382332726418,15.888482879956692,35.91989089081903,9.54356846473029,11.049339819318972,3.7632283177229047,5.453333280104116,36.58909358798854,90.19939168638054,26.141234336573365,19.105294909276527,17.6256055904425,161.4317019722425,27.505866577271203,246.52676940371916,62.50300296292342,17.431482624204204,11.922967997734355,0.2781741560593538,6.609826711368193,72.1197421331461,0.7528646248895474,21.70110575458341,17.528544107323352
OTRainbow (100k) \cite{kielak_importance_2020},8.651511967478026,4.494873754908883,24.924462577702503,5.046242147275512,22.72296657193125,4.882922977532123,20.33195020746889,28.21403752605976,3.380519401532659,42.10683902287126,30.77248712154948,84.45420750253464,3.8974118749268056,24.14961251102139,18.22796610539195,30.4236669101534,18.55179349648005,157.37036863553328,24.307094110633603,9.551043751787246,62.33361653922401,0.1079280065843848,2.59887804789965,34.278419608093444,0.5204554819071936,20.736930769368623,20.534440488418756
SPR \cite{schwarzer_data-efficient_2021},8.315277646939471,9.950809053934984,67.0907026423664,9.258075796124585,49.62782514548653,41.03366592491565,296.6804979253112,53.43988881167477,2.4905729230020675,128.32140333507658,21.613256145096297,82.42649543764784,41.135964398641526,21.235324144971923,20.108538988833008,122.863403944485,108.09252430439156,195.8733430137243,57.54210821343726,15.139292325752905,41.94279241008213,0.1424373612076893,3.801184550286206,181.3876300504245,1.225876059571813,247.3619598917543,41.53937840436183
DrQ \cite{kostrikov_image_2021},7.876144030029204,5.661918738657781,44.26589172648717,4.744793990329543,20.936527270266616,30.418491134879048,49.37759336099585,49.96525364836692,-0.4667923610266398,38.8679742423819,52.85140164822176,33.085501858736066,6.227895538119219,17.573901341129513,9.091885314584877,75.6026296566837,29.788803218236676,226.71319499742376,39.38330263637901,9.830982947789837,34.57943925233645,-0.0554162719659231,5.195348473266361,113.4052466968788,0.5544665760021722,23.72264735927167,26.75572528875417
EfficientZero \cite{ye_mastering_2021},8.416727657446794,8.334451751442758,200.28675352668347,305.64190370540075,45.58126945459467,33.05204220802527,436.929460580913,1432.8700486448922,4.657280136236467,292.06751593882365,706.5599006009027,73.63974315647178,5.412811804660969,139.34289294166783,27.815733388188967,178.23228634039444,22.53100905129065,380.8375099536278,136.51825356574042,14.65767650467318,115.57632398753891,0.1031829703236805,102.45953689380578,226.46071360183825,2.4574682694116894,149.9202494668363,109.01793044067236
PlayVirtual \cite{yu_playvirtual_2021},10.43558286654251,9.30893431287309,92.35965435615172,8.72149807676076,31.357423196643666,31.297107171057355,317.4273858921162,65.60111188325226,1.693832867047804,49.48800146912639,53.85748764383457,54.37647854004732,44.95842604520436,19.801382894797896,25.404949020836977,133.5646457268079,78.19979886020784,213.84139772354672,62.28589986564521,15.47341330162696,50.15576323987538,0.0991568789509616,26.00397859623568,172.62398672368673,1.0939282575506777,86.845642395025,47.22321375716537
SGI-M \cite{schwarzer_pretraining_2021},12.666033811839217,9.47815583551668,131.3889263101172,7.543438679415915,80.41683583705507,31.03869068982844,305.8091286307054,142.73801250868658,9.01654299963508,310.51543181536914,44.8631887978097,101.35180804325786,15.835577936526525,65.09814840595853,21.63474267796397,123.22863403944484,71.09621186724775,387.4607709962996,70.64436911085605,18.251734569480607,80.17558765222316,0.0935491088246746,4.107404041194421,234.3613965660305,1.5719413237174984,705.1685514077313,67.8712587584073
SWM (4 frames) \cite{robine_smaller_2021},2.6398742019869705,1.857352091636372,29.44708531398549,3.549853496195724,11.774259033698742,9.392577704400258,-23.651452282157678,24.6004169562196,-0.6811823379150947,146.73857933881328,2.3601787864293846,83.10239945927678,3.4945543974704294,19.935959905332037,8.143209450650566,13.732651570489406,6.469996647670131,180.0693240901213,51.8048919378231,5.190915521574883,92.07023506088927,0.1070652727188022,2.3852015481012887,19.7995787323674,0.9281598997768322,5.3298446208713415,7.306603049160349
ADAT+ \cite{kim_action-driven_2022},11.622547989478186,8.25859382749908,101.4241450318508,7.885883785706535,20.273379347678983,54.21003517335439,2.904564315352697,9.65948575399583,4.4854640554677045,41.75632462902562,38.47481761255244,100.33795201081446,43.98641527110903,15.945055455009513,20.913923521355944,221.58509861212565,30.335232986925917,178.44863928052837,84.02735143118989,11.554264557590717,15.887850467289722,0.522040262064039,10.63958492587532,159.5263930554669,0.4363328037955238,27.45927346368214,20.593651434517465
EqR (LR+LGET) \cite{mondal_eqr_2022},9.35006775411416,7.739258809730821,98.51811935874984,8.350113947403326,51.86087427256733,31.28275069987797,324.89626556016606,49.61779013203613,5.035883712443742,164.5884649625333,20.89305250889259,85.13011152416357,38.27614474762853,30.37263910158244,17.085997953652132,106.17238860482104,108.74958095876634,362.513466672912,76.7530630221819,20.411480517134983,41.37638062871708,0.0919674300711065,4.898157566856668,174.85542860790196,1.4992985807275232,462.2394666571085,39.8262626881728
S-RYM \cite{cetin_hyperbolic_2022},6.542801034790108,6.58505132080316,93.12176440022324,3.91882604029759,32.5889836243064,67.3031368889527,76.59751037344398,196.17790132036131,1.1707821432915704,45.69262522505978,213.28638265353808,99.66204798918554,24.52277784283874,40.614413661886864,22.24012338491038,128.19576333089847,32.450553134428425,214.2461005199307,46.025411739583056,12.46632451876044,92.5800056641178,0.1166416186267692,19.09635907282456,283.9662985893917,0.9726982372821612,24.387533826771087,36.60169864309663
MLR \cite{yu_mask-based_2022},11.048630787179617,12.950114662169652,81.08196532014396,8.123424933379958,22.479361212613348,39.39415691622999,218.6721991701245,52.39749826268242,1.515934801119086,55.30302727864297,38.623256529937926,102.0277120648868,54.24288558379201,26.2053923615945,23.12906656268257,143.97370343316288,283.7412001340932,217.8134807250925,46.238955769692765,17.66928043586232,72.52902860379496,0.1079280065843848,24.426233455118904,153.675879236612,1.3335302229536778,55.0395168372193,42.81655634296138
A-LIX \cite{cetin_stabilizing_2022},9.771809940651744,9.83235398808447,84.32093300744789,7.2287268035643235,84.61226146975233,34.77137319646831,178.00829875518673,75.74704656011119,-0.9731176255929936,169.2110232385454,40.46774752189474,104.86650895572828,41.7027755006441,11.276625365446192,20.667777873603622,114.13440467494522,216.3928930606772,307.83549580776616,71.43715132263834,14.314525232153878,75.7292551685075,0.1079280065843848,21.142838225822956,222.88249186187528,1.396169702974542,40.12885535583074,41.08526151126942
VCR-K5 \cite{yue_value-consistent_2022},8.618178392597049,9.618201233566548,67.2061738611651,10.387903488358074,39.17986195696305,31.299978465293236,352.28215767634856,57.95691452397498,3.2416980902566603,116.8430549844504,22.448912272599824,63.16323082122338,52.21922941796464,13.0910947143719,16.14738939637436,129.108838568298,112.00469326181695,243.6788608365731,86.4016941159722,17.60456330990473,61.20079297649391,0.1063463278308167,4.719090640969308,137.03453118018766,1.0784470172413383,126.71105216939372,45.69954568746384
BarlowRL \cite{cagatan_barlowrl_2023},7.350053261255517,10.744399642884234,110.43090009815054,7.695368550516684,61.21261334416024,48.702892828942645,2.074688796680498,3.057678943710911,5.701861087458947,49.78382284252003,39.40943301831296,93.24095978371072,53.52383183042512,2.3434962179219454,20.591434131458215,115.48575602629656,46.24874287629903,147.95540774743546,46.52546067675662,30.59313998464849,10.790144435004256,0.0889478615415673,5.169767483853881,37.57068998531946,1.0403393487875807,28.60714349719529,29.60014174092189
BBF (RR8) \cite{schwarzer_bigger_2023},13.702273204878296,13.936267673437472,361.0611805007602,45.04961836663331,97.2662065232102,63.45502835403058,711.6182572614108,1281.7234190410006,102.45560150833232,190.23310404848115,725.1147652740897,86.14396755660697,54.32954678533787,49.82133741704951,22.791140635911493,401.972242512783,220.00335232986927,620.6707574125252,83.34089635106639,25.600890989269,105.94732370433304,0.022373564914109,32.22617807980065,426.56922193144834,2.7725710529386967,103.66045986487212,91.70508703990858
SR-SPR (RR16) \cite{doro_sample-efficient_2023},12.754440249567024,11.532155006914742,166.76160966879007,8.357348703170029,70.0365408038977,43.962386045510016,379.6680497925312,82.62682418346073,23.584417954020196,138.7829405682485,146.36791960108414,85.80601554579248,59.01393605808644,21.105387721007933,25.158300007751823,131.51935719503285,120.00335232986926,404.3608599934423,81.81806048634654,19.065966316993517,66.86491079014444,0.1049084380548457,29.19407845238024,171.72272930363184,1.7877259963369003,1002.8575780927972,68.45072579702106
STORM \cite{zhang_storm_2023},10.960224349451808,11.625518605614651,111.35466984854024,9.863383695272088,84.82879956692379,32.10106955710286,663.4854771784233,49.61779013203613,16.375745043182093,223.54474647589316,0.7108574821460972,114.86988847583643,29.296170511769528,370.4301823750522,33.61483759924268,175.31044558071585,139.32282936640965,638.432713476041,115.32934717810464,35.60495462275935,89.80458793542905,11.1523593758178,32.78971222891675,224.06970064466717,1.0874975884991058,66.77180594634312,58.19479803918963
TWM \cite{robine_transformer-based_2023},6.476133885028153,6.770611473219235,88.56834933892728,10.931715963488598,61.23968060630667,7.775464790754433,642.7385892116183,63.51633078526754,13.477679114462962,243.68295613779443,10.892667667254925,82.0885434268334,33.034313151422886,65.76639287205901,20.896473523151283,121.76771365960556,39.825678846798525,445.0934469998594,108.0893147905934,19.281188387038515,111.8946474086661,0.0886602835863731,23.827337350050257,116.13582689730006,1.681500870522051,138.42810803060985,50.5326797265526
IRIS \cite{micheli_transformers_2023},2.7862520742903936,8.007679155993067,250.57446931352365,7.760481352417012,5.264582487481392,30.763046443184265,581.3278008298755,284.85059068797773,11.464542026517456,193.79573554128123,103.4855656897187,105.06928016221696,4.541515399929735,91.81400529026868,20.169613982549325,158.40029218407597,26.35601743211532,470.1250644058269,95.65571363745562,10.41193203196725,100.0,0.1079280065843848,4.377509194108548,122.59015765622009,1.4121272891395529,26.996899586014084,28.879973014599173
DIAMOND \cite{alonso_diffusion_2024},7.483387560779426,12.839245388713508,250.959373376186,42.06407582024044,0.744349709026932,6.724571100423516,720.746887966805,454.41278665740094,8.496533268458824,352.8590077807808,7.478572567388522,112.5042244001352,4.892844595385878,261.74300431574545,15.419187548218204,145.50766983199415,178.68588669125043,656.8972785610567,82.10367562661826,24.84686121939105,116.42594165958651,0.1284898303807704,32.61892150548637,263.7607710474245,1.149898895592134,29.7756232190541,37.3414986628634
EfficientZero-V2 \cite{wang_efficientzero_2024},19.274777353459083,10.45263839694701,295.4350378168241,742.7682587148663,176.27554472865071,34.665996698011625,621.9917012448134,1384.2251563585824,5.863033694197785,405.5379677351101,1243.6668810784363,-0.0337952010814464,25.08724675020494,167.5762216344146,29.121463061541785,160.44558071585098,61.50519611129735,700.9180757880931,127.34698235592452,29.25364598227052,117.55876522231664,0.1076404286291906,119.58676168750264,351.12274206931767,4.538623312842523,131.64124805104032,123.46687202171356
SAC-BBF (RR2) \cite{zhang_generalizing_2024},13.488358611294284,12.01636197067216,312.4689671099478,65.49202368176722,115.36202463120856,56.28023831742158,697.4854771784233,1130.3822098679636,121.8616956574626,296.0293665590106,1060.2090239866295,55.5795876985468,49.28118046609674,43.89994895354772,19.904071990638748,428.6705624543462,175.5481059336239,588.9521757459365,77.80298783688797,24.308204024502203,102.68762390257716,0.0498113776191881,30.622851949271396,308.3436522627178,2.324329602751374,307.4879478126848,90.24530586973256
HarmonyDream \cite{ma_harmonydream_2024},9.597895636924903,7.890974657618177,150.22998017744078,11.213871438390028,142.75274056029232,40.47376354891968,663.4854771784233,178.17929117442668,10.628269067023476,287.27209578065305,2.799997800904928,-0.0337952010814464,14.376390678065343,593.3175553389948,41.44720217802824,105.18626734842952,169.8290311766678,576.696800786922,97.94330406000589,20.67486416928796,112.46105919003116,4.180031852134317,28.358182004225377,186.81942937384312,1.4209396874694842,92.6593666553164,67.05328441667231
REM \cite{cohen_improving_2024},5.499315212429077,5.224276869751945,296.7244664267431,17.2126897616148,0.6766815536608473,27.17967123680999,725.7261410788383,309.1730368311327,26.61172606738839,262.5548427276248,307.13276486725715,109.12470429199054,4.105867197564118,241.0691911457608,18.315216096415263,132.2863403944485,13.932282936640965,226.67572251627703,110.83691464467164,9.86108393660732,109.62900028320588,0.1073528506739964,4.357194878986872,179.34129061083806,2.306228460235839,28.89119876700299,28.03543500190649
DART \cite{agarwal_learning_2024},10.641381459285936,6.99818524505027,210.46746598410348,8.997624588523266,83.29949925565029,37.22632976814299,688.3817427385893,139.6108408617095,6.884807201070428,92.9785339875204,126.46061145838488,108.78675228117608,6.595620096029981,79.95266601698454,13.0875993265643,118.3710737764792,78.04223935635267,567.7315096725841,104.48442463230388,12.422678084975091,107.36335315774566,1.0651312304482938,4.41663306026881,99.07448777685582,1.9706428049149367,30.655567304073543,78.9974526866686
MOOSS \cite{sun_mooss_2024},10.483409300067391,11.771399228583263,85.5660976501607,11.213871438390028,37.055081878468,25.851123393869784,185.47717842323647,52.39749826268242,10.126505291327089,41.17067016914914,41.33913894432441,68.57046299425481,66.36140063239255,21.987099169335,28.53823042923976,108.58290723155588,203.5098893731143,243.36971286711315,85.16758757529652,15.876766551781229,46.92721608609459,0.1079280065843848,24.33293808196751,243.3841833152486,0.9219674036530964,57.62200039427229,41.254904556736776
DreamerV3 \cite{hafner_mastering_2024},12.90226740773484,5.323475693370601,88.64533015145975,10.273353188718604,51.94207605900663,51.511018591630176,680.0829875518673,28.769979152189016,21.45420265174553,301.188874561358,23.361536727636576,-0.0337952010814464,77.56880196744349,88.28251891039027,41.36666372477595,186.6325785244704,86.8588669125042,615.761862382313,114.07477600121008,18.266785063889348,47.32370433305013,4.62002612358145,20.744075743804885,245.3373332482288,2.1283132831423583,415.56837936163726,49.41736146234015
SimPLe \cite{kaiser_model-based_2024},5.639895941274937,3.998879636815601,58.66130367006025,11.072793700939313,2.706726214643389,4.798506926997344,64.31535269709543,51.00764419735927,2.560515752341564,206.80788377932765,3.0803824226330865,56.404190604934094,4.021548190654643,15.74086964592324,5.468661648897311,26.113951789627464,-0.0268186389540729,56.841069839336754,64.97077116087874,17.649714793130954,94.90229396771454,0.0144651711462684,8.463696061731442,71.85932214208208,1.4645253332634691,25.24149178300686,13.406831673431276
PaMoRL \cite{wang_parallelizing_2024},15.113877636794468,15.09164220734888,127.28969804276284,33.12674086310636,32.71078630396536,59.608068336802816,729.0456431535271,48.92286309937457,19.76189028098771,292.7134524869355,3.0858801603140305,114.19398445420752,85.4011008314791,224.02895726019764,37.07866224286841,137.32651570489406,83.89875963794836,531.6548784486392,108.40117805123278,28.51165660791957,102.54885301614271,7.108438169876901,34.35692402145192,315.50647858556204,1.2546949838399672,102.17387408376491,71.75341398737558
Drama (XS) \cite{wang_drama_2025},8.58339553185168,7.307452165743729,60.93223763976829,17.146371167086684,16.61929895791041,24.406001004952984,646.8879668049793,18.34607366226546,12.635324169809026,292.03078777910406,2.6900430472860424,50.65900642108821,16.859116992622088,115.9868207341408,23.218665591925756,125.27392257121988,44.65303385853168,758.3446531453463,105.26608475918462,29.5396053760366,101.1328235627301,0.0935491088246746,4.755957361004941,178.8281100402119,1.02080916870503,61.41328697646911,26.972803190494798
DyMoDreamer \cite{zhang_dymodreamer_2025},10.771817187081066,8.66122434689245,130.81157021612364,11.883086346810076,163.48626336446068,39.85356399397028,776.3485477178424,133.7039610840862,-1.0734703807322712,286.5950201406049,5.290472970372693,21.595133491044272,15.383534371706288,612.5249431528144,29.688923580081905,187.28999269539807,158.7931612470667,751.955595109841,112.92430753899404,23.046822088105596,117.84197111299916,4.337768360558338,11.829100933555637,267.57260483819493,1.2465971042935435,195.23736984533767,76.38893576648215
EDELINE \cite{lee_edeline_2025},10.823991478199115,17.1398061538282,193.10829275803005,48.40654504238361,113.6554337528759,9.54217213408944,730.7053941908714,864.4197359277275,18.79789563313465,363.2914020176535,47.50210288466296,114.19398445420752,5.190303314205411,271.2283632651167,39.44313699960033,275.8582907231556,174.92457257794166,763.572064265305,138.75690681472386,23.207862378279128,116.70914755026904,0.1072090616963993,49.74990820939093,408.6104550967001,4.934228545978093,45.85118012867614,81.70267098113341
FNC \cite{yang_full_2025},14.819672606323234,9.799093206047624,442.4491445507208,50.65173091531719,103.81648396264715,60.23401048022396,661.8257261410789,1294.2321056289086,30.27612212626201,209.76050844548064,1135.0590731913817,91.5511997296384,30.73427801850334,63.673488328924776,15.361468323387394,376.0774287801314,273.2148843446195,606.7778350274017,94.53816654654815,25.399214364191863,87.53894080996884,0.0417850768897178,20.568770728125244,392.05336056679647,1.827262702357674,148.39244430903778,89.54507026980362
RLPD-GX \cite{cai_guardian_2025},30.97486213668215,16.352050789797694,368.27813167567984,282.9030663306525,212.18026796589527,51.58567224176297,787.9668049792532,1946.7685892981235,57.97652353728257,454.5169648168183,671.2699224269213,121.62892869212573,98.3440683920834,202.6265719987006,21.473665771459387,455.4419284149014,227.01977874622864,764.8086561431448,107.32144604899057,70.98866697771021,118.12517700368169,6.0550401200005295,130.16299604548,488.7278994063957,17.092718339077273,88.25068549615584,125.89596236880286
TWISTER \cite{burchi_learning_2025},10.757324328437162,10.40012137267831,95.958507342045,13.215487200511255,125.5650290973068,21.70698442322877,729.8755186721993,115.63585823488532,1.505291327089162,283.8428034764001,7.528052206517018,108.11084825954714,5.61658273802553,1019.8338670007888,25.99388646024437,198.6851716581446,199.93295340261483,678.3409058972317,103.13954212600878,28.57637373387716,115.2931180968564,2.276265788748685,22.82065017846502,227.49090444884152,1.1041696934476246,58.55481281026541,77.2566600761552
GIT-STORM \cite{meo_masked_2025},13.293574591120226,10.225064625115976,143.30170704951792,7.246813692981082,66.15238868588442,20.4149020170842,671.7842323651453,35.71924947880473,18.808539107164577,177.47885136672667,3.8995453370937865,43.89996620479892,12.104461880782292,385.3728711309109,41.35659641811941,161.4317019722425,51.927589674824006,507.091667057005,108.68723807490058,23.62476107340126,75.64429340130275,3.163443780522805,28.29046762048646,222.6016467734729,0.930303456127356,85.70583702216885,42.62828131145916
EMERALD \cite{burchi_accurate_2026},6.134102421032036,7.190747667368838,110.77731375454668,10.068368441995348,123.53498443632428,38.59019453018448,588.7966804979253,209.45100764419732,2.721688359080404,257.8935601962561,19.018323959690587,104.73132815140252,3.649139243471133,670.3048865376584,22.24213684624169,60.62819576333089,292.59135098893734,562.2698955454588,100.38126507042504,21.111328507141454,115.2931180968564,0.1079280065843848,8.134152727535376,84.36203485032233,0.9517390196325946,42.05810139966666,51.34314858149878
OC-STORM \cite{zhang_object-centric_2026},12.655888810788484,9.174724139741963,201.6146725428687,18.61743817298301,143.56475842468535,6.402986146005312,763.0705394190873,174.70465601111883,19.44714754895998,292.74938220840033,14.235292177269054,-0.0337952010814464,4.562595151657103,194.87679242656267,18.168233419229832,116.14317019722424,139.65806235333557,760.4056396084126,110.01743942912564,31.51122014358171,118.12517700368169,0.0863596599448195,32.9702839188872,261.3199719154912,1.532880963552397,54.56728615208157,43.76878503548439
JEDI \cite{lim_performance_2026},12.497916651569938,6.332969604313398,225.57495044360195,25.574861635295964,123.41318175666532,39.4056420931735,759.7510373443984,534.6768589298124,8.840165429996352,215.60108427915,104.18927611287954,21.257181480229807,4.639887574657455,180.8761427444429,21.530378265624535,157.59678597516435,22.929936305732483,646.5267694037191,55.46227833684792,11.567810002558586,110.19541206457092,0.1010261356597239,25.898645110419587,187.38111955064787,2.465804321885949,32.77567698345848,36.09065953831599
Simulus \cite{cohen_simulus_2026},6.658743903941335,5.638577838982805,308.0021554627509,13.97634234864288,45.053457842739206,31.302849759529103,775.5186721991702,511.39680333564974,42.5830190974334,329.9653877016555,254.84927952147692,107.77289624873266,4.525120037475114,190.52392222376903,21.610581141988288,237.03433162892625,221.3878645658733,475.8302496604056,139.90203667618718,14.680252246286292,115.00991220617388,0.1079280065843848,17.01677510999825,312.2525052658454,4.125155110119254,88.55983082134088,98.16636353503677
